<?xml version="1.0" encoding="UTF-8"?>
<beans:beans xmlns="http://www.springframework.org/schema/mvc"
	xmlns:xsi="http://www.w3.org/2001/XMLSchema-instance" xmlns:beans="http://www.springframework.org/schema/beans"
	xmlns:aop="http://www.springframework.org/schema/aop" xmlns:context="http://www.springframework.org/schema/context"
	xsi:schemaLocation="http://www.springframework.org/schema/mvc http://www.springframework.org/schema/mvc/spring-mvc-3.0.xsd
		http://www.springframework.org/schema/beans http://www.springframework.org/schema/beans/spring-beans-3.0.xsd
		http://www.springframework.org/schema/aop 
		http://www.springframework.org/schema/aop/spring-aop-3.0.xsd
		http://www.springframework.org/schema/context http://www.springframework.org/schema/context/spring-context-3.0.xsd">

	<!-- DispatcherServlet Context: defines this servlet's request-processing 
		infrastructure -->

	<!-- Enables the Spring MVC @Controller programming model -->
	<annotation-driven />
	
	

	<default-servlet-handler />



	<!-- Handles HTTP GET requests for /resources/** by efficiently serving 
		up static resources in the ${webappRoot}/resources directory -->
	<resources mapping="/resources/**" location="/resources/" />

	<!-- Resolves views selected for rendering by @Controllers to .jsp resources 
		in the /WEB-INF/views directory -->
	<beans:bean
		class="org.springframework.web.servlet.view.InternalResourceViewResolver">
		<beans:property name="prefix" value="/WEB-INF/views/" />
		<beans:property name="suffix" value=".jsp" />
	</beans:bean>

	<context:component-scan base-package="com.pearson.mytest" />

	<context:property-placeholder location="classpath:swagger.properties" />

	<!-- Configuration Bean -->
	<beans:bean id="documentationConfig"
		class="com.mangofactory.swagger.configuration.SpringSwaggerConfig" />
		
		
	<aop:aspectj-autoproxy />
	<!--To enable logging Aspect just uncomment the below line -->
	<beans:bean id="loggingAspect" class="com.pearson.mytest.aspect.LoggingAspect"/>
	
	<!-- Dependency Injection -->
	<beans:bean class="com.pearson.mytest.proxy.mytest.repo.BookRepo" id="books"/>
	<beans:bean class="com.pearson.mytest.proxy.mytest.repo.ContainerRepo" id="containers"/>
	<beans:bean class="com.pearson.mytest.proxy.mytest.repo.UserSettingsRepo" id="usersettings"/>
	<beans:bean class="com.pearson.mytest.proxy.mytest.repo.UserFoldersRepo" id="userFoldersRepo"/>
	<beans:bean class="com.pearson.mytest.proxy.paf.repo.MyTestRepo" id="myTestsRepo"/>
	<beans:bean class="com.pearson.mytest.proxy.paf.repo.QuestionRepo" id="questions"/>
	<beans:bean class="com.pearson.mytest.proxy.paf.repo.TestRepo" id="tests"/>
	<beans:bean class="com.pearson.mytest.proxy.paf.repo.TestVersionRepo" id="testVersionRepo"/>
	<beans:bean class="com.pearson.mytest.proxy.paf.repo.MetadataRepo" id="metadataRepo"/>
	<beans:bean class="com.pearson.mytest.proxy.mytest.repo.ArchiveRepo" id="archiveRepo"/>
	<beans:bean class="com.pearson.mytest.proxy.eps.ImageRepo" id="imageRepo"/>
	<beans:bean class="com.pearson.mytest.proxy.mytest.repo.UserBookRepo" id="userBookRepo"/>
	
	<!-- Service package beans -->	
	<beans:bean class="com.pearson.mytest.provider.pi.service.AuthenticationService" id="authenticationService"/>
	<beans:bean class="com.pearson.mytest.service.TestService" id="testService"/>
	<beans:bean class="com.pearson.mytest.service.UserFolderService" id="userFolderService"/>
	<beans:bean class="com.pearson.mytest.service.BookService" id="bookService"/>
	<beans:bean class="com.pearson.mytest.service.ContainerService" id="containerService"/>
	<beans:bean class="com.pearson.mytest.service.QuestionService" id="questionService"/>
	<beans:bean class="com.pearson.mytest.service.UserSettingsService" id="userSettingService"/>	
	<beans:bean class="com.pearson.mytest.service.MyTestService" id="myTestService"/>
	<beans:bean class="com.pearson.mytest.service.ImportService" id="importService"/>
	<beans:bean class="com.pearson.mytest.service.TestVersionService" id="testVersionService"/>
	<beans:bean class="com.pearson.mytest.service.DownloadService" id="downloadService"/>
	<beans:bean class="com.pearson.mytest.service.ArchiveService" id="archiveService"/>
	<beans:bean class="com.pearson.mytest.service.MetadataService" id="metadataService"/>
	<beans:bean class="com.pearson.mytest.service.ImageService" id="imageService"/>
	<beans:bean class="com.pearson.mytest.service.UserBookService" id="userBookService"/>
	<beans:bean class="com.pearson.mytest.service.HealthService" id="healthService"/>
		
	<beans:bean id="multipartResolver" class="org.springframework.web.multipart.commons.CommonsMultipartResolver">
    	<beans:property name="maxUploadSize" value="50000000"/>
	</beans:bean>
	<!-- Configuring interceptors based on URI -->
   <!-- <interceptors>
        <interceptor>
            <mapping path="/books/**" />
            <mapping path="/settings/**" />
            <mapping path="/my/**" />
            <mapping path="/tests/**" />
            <mapping path="/questions/**" />
            <beans:bean class="com.pearson.mytest.provider.pi.service.AuthFilter"></beans:bean>
        </interceptor>
    </interceptors> -->
    
</beans:beans>
