<?xml version="1.0" encoding="utf-8"?>
<questestinterop>
	<assessment title="Test2">
		<rubric view="All">
			<flow_mat class="Block">
				<material>
					<mat_extension>
						<mat_formattedtext type="SMART_TEXT" />
					</mat_extension>
				</material>
			</flow_mat>
		</rubric>
		<presentation_material>
			<flow_mat class="Block">
				<material>
					<mat_extension>
						<mat_formattedtext type="SMART_TEXT" />
					</mat_extension>
				</material>
			</flow_mat>
		</presentation_material>
		<section>
			<sectionmetadata>
				<bbmd_asi_object_id>1</bbmd_asi_object_id>
				<bbmd_asitype>Section</bbmd_asitype>
				<bbmd_assessmenttype>Pool</bbmd_assessmenttype>
				<bbmd_sectiontype>Subsection</bbmd_sectiontype>
				<bbmd_questiontype>Multiple Choice</bbmd_questiontype>
				<bbmd_is_from_cartridge>false</bbmd_is_from_cartridge>
				<qmd_absolutescore>0,1</qmd_absolutescore>
				<qmd_absolutescore_min>0</qmd_absolutescore_min>
				<qmd_absolutescore_max>1</qmd_absolutescore_max>
				<qmd_assessmenttype>Proprietary</qmd_assessmenttype>
				<qmd_itemtype>Logical Identifier</qmd_itemtype>
				<qmd_levelofdifficulty>School</qmd_levelofdifficulty>
				<qmd_maximumscore>0.0</qmd_maximumscore>
				<qmd_numberofitems>0</qmd_numberofitems>
				<qmd_renderingtype>Proprietary</qmd_renderingtype>
				<qmd_responsetype>Single</qmd_responsetype>
				<qmd_scoretype>Absolute</qmd_scoretype>
				<qmd_status>Normal</qmd_status>
				<qmd_timelimit>0</qmd_timelimit>
				<qmd_weighting>0.0</qmd_weighting>
				<qmd_typeofsolution>Complete</qmd_typeofsolution>
			</sectionmetadata>
		</section>
		<assessmentmetadata>
			<bbmd_asi_object_id>1</bbmd_asi_object_id>
			<bbmd_asitype>Assessment</bbmd_asitype>
			<bbmd_assessmenttype>Pool</bbmd_assessmenttype>
			<bbmd_sectiontype>Subsection</bbmd_sectiontype>
			<bbmd_questiontype>Multiple Choice</bbmd_questiontype>
			<bbmd_is_from_cartridge>false</bbmd_is_from_cartridge>
			<qmd_absolutescore>0,1</qmd_absolutescore>
			<qmd_absolutescore_min>0</qmd_absolutescore_min>
			<qmd_absolutescore_max>1</qmd_absolutescore_max>
			<qmd_assessmenttype>Proprietary</qmd_assessmenttype>
			<qmd_itemtype>Logical Identifier</qmd_itemtype>
			<qmd_levelofdifficulty>School</qmd_levelofdifficulty>
			<qmd_maximumscore>0.0</qmd_maximumscore>
			<qmd_numberofitems>0</qmd_numberofitems>
			<qmd_renderingtype>Proprietary</qmd_renderingtype>
			<qmd_responsetype>Single</qmd_responsetype>
			<qmd_scoretype>Absolute</qmd_scoretype>
			<qmd_status>Normal</qmd_status>
			<qmd_timelimit>0</qmd_timelimit>
			<qmd_weighting>0.0</qmd_weighting>
			<qmd_typeofsolution>Complete</qmd_typeofsolution>
		</assessmentmetadata>
	</assessment>
</questestinterop>