<?xml version="1.0" encoding="utf-8"?>

<item>
	<itemmetadata>
		<bbmd_asi_object_id></bbmd_asi_object_id>
		<bbmd_asitype>Item</bbmd_asitype>
		<bbmd_assessmenttype></bbmd_assessmenttype>
		<bbmd_sectiontype>Subsection</bbmd_sectiontype>
		<bbmd_questiontype></bbmd_questiontype>
		<bbmd_is_from_cartridge>false</bbmd_is_from_cartridge>
		<qmd_absolutescore></qmd_absolutescore>
		<qmd_absolutescore_min></qmd_absolutescore_min>
		<qmd_assessmenttype>Proprietary</qmd_assessmenttype>
		<qmd_itemtype>Logical Identifier</qmd_itemtype>
		<qmd_levelofdifficulty>School</qmd_levelofdifficulty>
		<qmd_maximumscore>0.0</qmd_maximumscore>
		<qmd_numberofitems>0</qmd_numberofitems>
		<qmd_renderingtype>Proprietary</qmd_renderingtype>
		<qmd_responsetype>Single</qmd_responsetype>
		<qmd_scoretype>Absolute</qmd_scoretype>
		<qmd_status>Normal</qmd_status>
		<qmd_timelimit>0</qmd_timelimit>
		<qmd_typeofsolution>Complete</qmd_typeofsolution>
		<qmd_weighting>0.0</qmd_weighting>
	</itemmetadata>
	<presentation>
		<flow class="Block">
			<flow class="QUESTION_BLOCK">
				<flow class="FORMATTED_TEXT_BLOCK">
					<material>
						<mat_extension>
							<mat_formattedtext type="SMART_TEXT">
								
							</mat_formattedtext>
						</mat_extension>
					</material>
				</flow>
				<flow class="FILE_BLOCK">
					<material />
				</flow>
				<flow class="LINK_BLOCK">
					<material>
						<mattext charset="us-ascii" texttype="text/plain" />
					</material>
				</flow>
			</flow>
			<flow class="RESPONSE_BLOCK">
				<response_str ident="response" rcardinality="Single" rtiming="No">
					<render_fib charset="us-ascii" columns="127" encoding="UTF_8" fibtype="String" maxchars="0" maxnumber="0" minnumber="0" prompt="Box" rows="8" />
				</response_str>
			</flow>
		</flow>
	</presentation>
	<resprocessing scoremodel="SumOfScores">
		<outcomes>
			<decvar defaultval="0.0" maxvalue="3" minvalue="0.0" varname="SCORE" vartype="Decimal" />
		</outcomes>
		<respcondition title="">
			<conditionvar>
				<varequal case="No" respident=""></varequal>
			</conditionvar>
			<displayfeedback feedbacktype="Response" linkrefid="correct" />
		</respcondition>
		<respcondition title="incorrect">
			<conditionvar />
			<setvar action="Set" variablename="SCORE">0.0</setvar>
			<displayfeedback feedbacktype="Response" linkrefid="incorrect" />
		</respcondition>
	</resprocessing>
	<itemfeedback ident="correct" view="All">
		<flow_mat class="Block">
			<flow_mat class="FORMATTED_TEXT_BLOCK">
				<material>
					<mat_extension>
						<mat_formattedtext type="HTML">
						</mat_formattedtext>
					</mat_extension>
				</material>
			</flow_mat>
			<flow_mat class="FILE_BLOCK">
				<material />
			</flow_mat>
			<flow_mat class="LINK_BLOCK">
				<material>
					<mattext charset="us-ascii" texttype="text/plain" />
				</material>
			</flow_mat>
		</flow_mat>
	</itemfeedback>
	<itemfeedback ident="incorrect" view="All">
		<flow_mat class="Block">
			<flow_mat class="FORMATTED_TEXT_BLOCK">
				<material>
					<mat_extension>
						<mat_formattedtext type="HTML">
						</mat_formattedtext>
					</mat_extension>
				</material>
			</flow_mat>
			<flow_mat class="FILE_BLOCK">
				<material />
			</flow_mat>
			<flow_mat class="LINK_BLOCK">
				<material>
					<mattext charset="us-ascii" texttype="text/plain" />
				</material>
			</flow_mat>
		</flow_mat>
	</itemfeedback>
	<itemfeedback ident="" view="All">
		<solution feedbackstyle="Complete" view="All">
			<solutionmaterial>
				<flow_mat class="Block">
					<flow_mat class="FORMATTED_TEXT_BLOCK">
						<material>
							<mat_extension>
								<mat_formattedtext type="HTML">
									<![CDATA[]]>
								</mat_formattedtext>
							</mat_extension>
						</material>
					</flow_mat>
					<flow_mat class="FILE_BLOCK">
						<material />
					</flow_mat>
					<flow_mat class="LINK_BLOCK">
						<material>
							<mattext charset="us-ascii" texttype="text/plain" />
						</material>
					</flow_mat>
				</flow_mat>
			</solutionmaterial>
		</solution>
	</itemfeedback>
</item>
