<?xml version="1.0" encoding="utf-8"?>
<questestinterop>
	<assessment title="MatchingQTest">
		<rubric view="All">
			<flow_mat class="Block">
				<material>
					<mat_extension>
						<mat_formattedtext type="SMART_TEXT" />
					</mat_extension>
				</material>
			</flow_mat>
		</rubric>
		<presentation_material>
			<flow_mat class="Block">
				<material>
					<mat_extension>
						<mat_formattedtext type="SMART_TEXT" />
					</mat_extension>
				</material>
			</flow_mat>
		</presentation_material>
		<section>
			<item>
				<itemmetadata>
					<bbmd_asi_object_id></bbmd_asi_object_id>
					<bbmd_asitype>Item</bbmd_asitype>
					<bbmd_assessmenttype></bbmd_assessmenttype>
					<bbmd_sectiontype>Subsection</bbmd_sectiontype>
					<bbmd_questiontype></bbmd_questiontype>
					<bbmd_is_from_cartridge>false</bbmd_is_from_cartridge>
					<qmd_absolutescore></qmd_absolutescore>
					<qmd_absolutescore_min></qmd_absolutescore_min>
					<qmd_assessmenttype>Proprietary</qmd_assessmenttype>
					<qmd_itemtype>Logical Identifier</qmd_itemtype>
					<qmd_levelofdifficulty>School</qmd_levelofdifficulty>
					<qmd_maximumscore>0.0</qmd_maximumscore>
					<qmd_numberofitems>0</qmd_numberofitems>
					<qmd_renderingtype>Proprietary</qmd_renderingtype>
					<qmd_responsetype>Single</qmd_responsetype>
					<qmd_scoretype>Absolute</qmd_scoretype>
					<qmd_status>Normal</qmd_status>
					<qmd_timelimit>0</qmd_timelimit>
					<qmd_typeofsolution>Complete</qmd_typeofsolution>
					<qmd_weighting>0.0</qmd_weighting>
				</itemmetadata>
				<presentation>
					<flow class="Block">
						<flow class="QUESTION_BLOCK">
							<flow class="FORMATTED_TEXT_BLOCK">
								<material>
									<mat_extension>
										<mat_formattedtext type="SMART_TEXT">
											</mat_formattedtext>
									</mat_extension>
								</material>
							</flow>
							<flow class="FILE_BLOCK">
								<material />
							</flow>
							<flow class="LINK_BLOCK">
								<material>
									<mattext charset="us-ascii" texttype="text/plain" />
								</material>
							</flow>
						</flow>
						<flow class="RESPONSE_BLOCK">
							<flow class="Block">
								<flow class="FORMATTED_TEXT_BLOCK">
									<material>
										<mat_extension>
											<mat_formattedtext type="SMART_TEXT">
											</mat_formattedtext>
										</mat_extension>
									</material>
								</flow>
								<flow class="FILE_BLOCK">
									<material />
								</flow>
								<flow class="LINK_BLOCK">
									<material>
										<mattext charset="us-ascii" texttype="text/plain" />
									</material>
								</flow>
								<response_lid ident="1" rcardinality="Single" rtiming="No">
									<render_choice maxnumber="0" minnumber="0" shuffle="No">
										<flow_label class="Block">
											<response_label ident="" rcardinality="Single" rtiming="No" shuffle="Yes" />
										</flow_label>
									</render_choice>
								</response_lid>
							</flow>
						</flow>
						<flow class="RIGHT_MATCH_BLOCK">
							<flow class="Block">
								<flow class="FORMATTED_TEXT_BLOCK">
									<material>
										<mat_extension>
											<mat_formattedtext type="SMART_TEXT">
											</mat_formattedtext>
										</mat_extension>
									</material>
								</flow>
								<flow class="FILE_BLOCK">
									<material />
								</flow>
								<flow class="LINK_BLOCK">
									<material>
										<mattext charset="us-ascii" texttype="text/plain" />
									</material>
								</flow>
							</flow>
						</flow>
					</flow>
				</presentation>
				<resprocessing scoremodel="SumOfScores">
					<outcomes>
						<decvar defaultval="0.0" maxvalue="" minvalue="0.0" varname="SCORE" vartype="Decimal" />
					</outcomes>
					<respcondition>
						<conditionvar>
							<varequal case="No" respident=""></varequal>
						</conditionvar>
						<displayfeedback feedbacktype="Response" linkrefid="correct" />
					</respcondition>
					<respcondition title="incorrect">
						<conditionvar />
						<setvar action="Set" variablename="SCORE">0.0</setvar>
						<displayfeedback feedbacktype="Response" linkrefid="incorrect" />
					</respcondition>
				</resprocessing>
				<itemfeedback ident="correct" view="All">
					<flow_mat class="Block">
						<flow_mat class="FORMATTED_TEXT_BLOCK">
							<material>
								<mat_extension>
									<mat_formattedtext type="HTML">
										<![CDATA[]]>
									</mat_formattedtext>
								</mat_extension>
							</material>
						</flow_mat>
						<flow_mat class="FILE_BLOCK">
							<material />
						</flow_mat>
						<flow_mat class="LINK_BLOCK">
							<material>
								<mattext charset="us-ascii" texttype="text/plain" />
							</material>
						</flow_mat>
					</flow_mat>
				</itemfeedback>
				<itemfeedback ident="incorrect" view="All">
					<flow_mat class="Block">
						<flow_mat class="FORMATTED_TEXT_BLOCK">
							<material>
								<mat_extension>
									<mat_formattedtext type="HTML">
										<![CDATA[]]>
									</mat_formattedtext>
								</mat_extension>
							</material>
						</flow_mat>
						<flow_mat class="FILE_BLOCK">
							<material />
						</flow_mat>
						<flow_mat class="LINK_BLOCK">
							<material>
								<mattext charset="us-ascii" texttype="text/plain" />
							</material>
						</flow_mat>
					</flow_mat>
				</itemfeedback>
			</item>
			<sectionmetadata>
				<bbmd_asi_object_id>1</bbmd_asi_object_id>
				<bbmd_asitype>Section</bbmd_asitype>
				<bbmd_assessmenttype>Pool</bbmd_assessmenttype>
				<bbmd_sectiontype>Subsection</bbmd_sectiontype>
				<bbmd_questiontype>Multiple Choice</bbmd_questiontype>
				<bbmd_is_from_cartridge>false</bbmd_is_from_cartridge>
				<qmd_absolutescore>0,4</qmd_absolutescore>
				<qmd_absolutescore_min>0</qmd_absolutescore_min>
				<qmd_absolutescore_max>4</qmd_absolutescore_max>
				<qmd_assessmenttype>Proprietary</qmd_assessmenttype>
				<qmd_itemtype>Logical Identifier</qmd_itemtype>
				<qmd_levelofdifficulty>School</qmd_levelofdifficulty>
				<qmd_maximumscore>0.0</qmd_maximumscore>
				<qmd_numberofitems>0</qmd_numberofitems>
				<qmd_renderingtype>Proprietary</qmd_renderingtype>
				<qmd_responsetype>Single</qmd_responsetype>
				<qmd_scoretype>Absolute</qmd_scoretype>
				<qmd_status>Normal</qmd_status>
				<qmd_timelimit>0</qmd_timelimit>
				<qmd_weighting>0.0</qmd_weighting>
				<qmd_typeofsolution>Complete</qmd_typeofsolution>
			</sectionmetadata>
		</section>
		<assessmentmetadata>
			<bbmd_asi_object_id>1</bbmd_asi_object_id>
			<bbmd_asitype>Assessment</bbmd_asitype>
			<bbmd_assessmenttype>Pool</bbmd_assessmenttype>
			<bbmd_sectiontype>Subsection</bbmd_sectiontype>
			<bbmd_questiontype>Multiple Choice</bbmd_questiontype>
			<bbmd_is_from_cartridge>false</bbmd_is_from_cartridge>
			<qmd_absolutescore>0,4</qmd_absolutescore>
			<qmd_absolutescore_min>0</qmd_absolutescore_min>
			<qmd_absolutescore_max>4</qmd_absolutescore_max>
			<qmd_assessmenttype>Proprietary</qmd_assessmenttype>
			<qmd_itemtype>Logical Identifier</qmd_itemtype>
			<qmd_levelofdifficulty>School</qmd_levelofdifficulty>
			<qmd_maximumscore>0.0</qmd_maximumscore>
			<qmd_numberofitems>0</qmd_numberofitems>
			<qmd_renderingtype>Proprietary</qmd_renderingtype>
			<qmd_responsetype>Single</qmd_responsetype>
			<qmd_scoretype>Absolute</qmd_scoretype>
			<qmd_status>Normal</qmd_status>
			<qmd_timelimit>0</qmd_timelimit>
			<qmd_weighting>0.0</qmd_weighting>
			<qmd_typeofsolution>Complete</qmd_typeofsolution>
		</assessmentmetadata>
	</assessment>
</questestinterop>