<?xml version="1.0" encoding="UTF-8"?>
<!DOCTYPE log4j:configuration PUBLIC
  "-//APACHE//DTD LOG4J 1.2//EN" "http://logging.apache.org/log4j/1.2/apidocs/org/apache/log4j/xml/doc-files/log4j.dtd">
<log4j:configuration xmlns:log4j="http://jakarta.apache.org/log4j/">

	<!-- Appenders -->
	<appender name="console" class="org.apache.log4j.ConsoleAppender">
		<param name="Target" value="System.out" />
		<layout class="org.apache.log4j.PatternLayout">
			<param name="ConversionPattern" value="%-5p: %c - %m%n" />
		</layout>
	</appender>
	
  <appender name="fileAppender" class="org.apache.log4j.RollingFileAppender">
    <param name="file" value="/var/log/evalu8/evalu8.log" /> 
    <param name="MaxFileSize" value="5MB" />
	    <param name="MaxBackupIndex" value="10"/>
	    <layout class="org.apache.log4j.PatternLayout">
         <param name="ConversionPattern" 
         value="[%d{yyyy-MM-dd HH:mm:ss.SSSZ}] [%t] [%-5p][ %c:] %m%n"/>
    </layout>
  </appender> 
  
  <appender name="infofileAppender" class="org.apache.log4j.RollingFileAppender">
    <param name="file" value="/var/log/evalu8/evalu8-info.log" /> 
    <param name="MaxFileSize" value="5MB" />
	    <param name="MaxBackupIndex" value="10"/>
	    <layout class="org.apache.log4j.PatternLayout">
         <param name="ConversionPattern" 
         value="[%d{yyyy-MM-dd HH:mm:ss.SSSZ}] [%t] [%-5p][ %c:] %m%n"/>
    </layout>
  </appender> 
	
	<!-- Application Loggers -->
	
	<!-- Root Logger -->
	<root>
		<priority value="error" />
		<appender-ref ref="fileAppender" />
	</root>
	<!--<root>
		<priority value="info" />
		<appender-ref ref="infofileAppender" />
	</root> -->
</log4j:configuration>
